mese;giorno*;Pioggia mm;Temp. min gradi C;Temp. med gradi C;Temp. max gradi C;Umidita' min %;Umidita' med %;Umidita' max %;Vento med km/h;Vento max km/h;Dir. V. max gradi N;Radiaz. KJ/m2;Press. med hPa
1;1;1.8;5.9;6.8;8.4;98;98;99;3;9;273;1313;979.4
1;2;31.4;0.8;4.1;7.3;56;93;99;9;37;348;362;991.9
1;3;0.0;-4.8;0.5;6.4;30;58;90;6;21;351;7040;1006.6
1;4;0.8;-5.1;-1.0;0.6;58;85;99;5;17;0;1326;1003.2
1;5;3.8;0.2;2.2;4.5;68;86;99;13;39;67;2325;991.9
1;6;0.1;2.1;3.4;5.4;77;87;98;7;31;44;1698;986.9
1;7;0.5;2.4;5.2;10.1;70;86;99;7;24;69;5740;995.9
1;8;20.2;3.9;4.9;6.2;76;86;97;18;47;98;592;990.4
1;9;11.9;4.3;5.8;7.5;74;87;99;14;44;79;1514;986.4
1;10;3.6;1.9;5.6;8.3;82;95;99;7;20;99;2612;994.2
1;11;0.6;0.7;3.6;6.1;89;96;99;5;16;198;2414;1000.4
1;12;0.0;1.9;4.2;6.1;68;82;99;8;18;87;2338;1001.9
1;13;0.0;-0.2;3.5;6.2;66;75;92;7;19;86;3166;997.7
1;14;0.0;-0.6;2.6;6.2;60;73;94;9;27;100;4342;999.0
1;15;0.1;1.5;3.7;7.7;51;64;76;13;39;112;7417;1006.9
1;16;0.0;0.9;3.1;6.9;40;56;72;15;38;86;7656;1012.4
1;17;0.0;-2.5;0.8;4.5;59;77;97;4;13;72;2541;1009.2
1;18;0.1;-4.1;1.4;9.7;53;85;99;4;12;351;7180;1010.8
1;19;0.2;-5.0;1.2;9.8;36;85;99;5;14;184;7065;1009.1
1;20;0.1;-4.7;1.0;8.0;51;88;99;3;14;253;8241;1004.1
1;21;0.2;-5.1;1.6;8.2;52;77;99;6;24;64;8459;1005.9
1;22;0.0;-0.4;1.7;5.2;50;62;70;9;23;104;5062;1010.8
1;23;0.0;-3.4;0.5;5.4;47;64;81;9;22;84;8000;1011.9
1;24;0.0;-2.9;-0.6;2.0;51;61;72;16;39;76;6281;1012.8
1;25;0.0;-1.2;-0.4;1.1;47;54;60;21;45;86;3123;1015.3
1;26;0.0;-2.2;0.0;2.0;45;52;61;18;46;74;2863;1013.7
1;27;0.0;-2.9;0.2;4.4;29;41;53;20;45;79;8751;1008.2
1;28;0.0;-5.6;-1.5;4.0;38;58;77;4;11;54;5487;991.9
1;29;0.6;-7.9;-0.6;5.4;36;70;99;5;18;8;6353;984.9
1;30;3.4;0.1;2.0;4.3;75;92;99;6;32;52;2630;978.4
1;31;0.2;-3.6;1.6;6.0;33;70;99;4;25;54;4874;988.1
2;1;0.0;-7.1;-0.5;6.2;25;62;84;4;21;172;9655;999.1
2;2;0.0;-6.6;-0.1;6.2;31;66;87;5;14;207;9713;1005.5
2;3;0.0;-2.9;0.7;6.5;43;70;86;5;18;170;7996;1005.2
2;4;0.0;-2.7;3.0;7.7;57;74;88;4;12;357;3274;1009.6
2;5;28.1;2.6;5.1;6.5;72;92;98;8;26;36;1084;1002.7
2;6;2.5;3.2;5.8;9.2;72;86;98;6;20;83;2689;993.4
2;7;0.0;-1.1;3.8;10.2;54;78;98;8;29;101;10130;997.6
2;8;0.0;-1.2;1.5;6.9;39;60;72;13;29;95;10639;995.9
2;9;0.0;-3.6;1.0;4.8;57;71;90;7;20;71;5924;992.3
2;10;4.6;0.4;3.3;5.2;59;76;98;11;36;127;1361;983.2
2;11;0.1;1.4;3.4;4.9;60;68;86;11;29;78;2992;983.6
2;12;0.1;-1.6;4.3;9.5;40;59;83;15;44;60;11130;990.1
2;13;0.0;-1.8;3.2;9.2;53;75;96;5;26;264;10405;996.3
2;14;0.0;-0.5;4.0;10.7;36;68;97;9;29;85;10882;996.0
2;15;0.0;0.2;3.1;7.2;42;58;70;11;29;78;8689;995.0
2;16;0.0;0.0;5.1;10.0;46;64;79;5;16;201;8836;994.2
2;17;0.3;2.9;7.9;12.3;60;76;97;5;19;163;6134;989.1
2;18;6.0;6.3;7.8;9.9;91;98;98;6;19;112;2021;990.3
2;19;83.4;6.2;7.8;9.7;98;98;98;10;32;357;755;983.6
2;20;45.0;2.6;5.7;9.2;84;96;98;11;32;77;1032;982.3
2;21;0.0;0.1;3.7;8.5;58;87;98;5;12;180;6510;995.7
2;22;2.0;2.1;4.8;7.2;86;97;98;5;17;1;2033;994.3
2;23;0.4;3.2;7.6;11.3;69;89;98;4;13;47;6221;990.7
2;24;0.0;3.9;8.8;14.7;61;88;98;4;13;218;9882;992.5
2;25;0.3;1.6;7.1;12.0;82;95;98;5;17;166;11932;995.3
2;26;47.1;4.6;7.8;10.9;83;97;98;8;51;37;941;988.3
2;27;0.1;1.2;7.1;13.5;46;87;98;5;16;217;13917;998.5
2;28;4.4;6.1;8.6;11.6;80;91;98;5;15;0;2393;994.9
3;1;0.1;3.3;7.8;12.7;65;93;98;4;15;163;9587;998.3
3;2;0.1;2.1;8.7;15.5;42;82;98;6;21;105;12619;1005.9
3;3;4.5;2.0;6.9;10.2;54;75;98;12;34;113;7249;1006.1
3;4;0.3;4.3;7.2;10.6;49;65;94;15;35;60;7168;994.4
3;5;0.0;-1.7;4.4;9.2;8;49;83;9;31;12;12701;1002.2
3;6;0.0;-4.4;1.0;6.8;35;60;84;7;27;153;12357;1004.6
3;7;0.0;-4.1;2.3;7.8;26;48;86;18;47;120;14952;1009.0
3;8;0.0;-1.7;1.7;6.1;11;25;44;18;47;107;16924;1004.2
3;9;0.2;-1.5;2.9;5.3;25;31;39;23;63;92;8769;1001.5
3;10;0.8;0.9;3.1;5.0;27;51;81;31;79;75;1558;999.1
3;11;0.0;0.7;4.5;9.9;37;53;68;10;30;99;15513;997.6
3;12;0.0;-0.6;4.6;10.4;43;63;88;6;18;262;13150;1003.1
3;13;0.0;-2.8;4.3;11.6;46;76;98;4;20;199;15876;1007.0
3;14;0.1;-2.4;4.8;12.3;48;81;98;5;23;192;15549;1006.4
3;15;0.2;-2.4;6.5;15.1;21;68;98;5;21;194;17512;1006.9
3;16;0.0;0.0;5.5;12.6;46;79;98;6;29;153;12278;1009.9
3;17;0.1;-1.8;6.7;14.1;27;73;98;5;24;217;14104;1016.9
3;18;0.0;3.9;8.2;13.5;59;85;98;7;27;141;10228;1018.2
3;19;0.0;7.2;9.9;14.6;56;82;98;5;18;185;8476;1017.3
3;20;0.0;5.2;9.3;11.4;80;89;96;6;15;175;2546;1014.1
3;21;0.2;9.2;10.1;10.9;91;97;98;5;15;139;1427;1011.7
3;22;6.6;9.8;11.1;12.4;98;98;98;5;16;100;2202;1010.6
3;23;0.1;7.9;13.5;20.0;58;85;98;4;16;183;17481;1007.9
3;24;0.1;8.1;14.7;20.8;35;67;98;8;30;107;17423;1006.2
3;25;0.0;11.5;14.5;18.7;56;74;97;8;27;196;12928;1007.0
3;26;10.3;10.7;11.8;12.5;94;98;98;8;28;182;1113;1004.4
3;27;5.4;7.0;11.7;16.8;62;88;98;8;23;165;10831;998.2
3;28;0.1;4.0;11.8;19.2;40;77;98;6;19;161;19396;1001.0
3;29;0.0;6.7;12.8;18.2;45;74;97;7;24;178;18006;1002.5
3;30;15.4;9.7;12.6;16.7;67;87;98;12;40;187;6853;994.6
3;31;12.1;5.4;10.0;13.9;65;87;98;8;28;8;6755;993.3
4;1;35.4;3.0;9.1;15.0;56;84;98;11;33;66;12424;1000.7
4;2;1.8;2.7;8.2;13.3;51;75;98;11;28;18;9035;1004.7
4;3;0.0;1.8;9.2;14.7;56;81;98;5;20;190;14995;1008.2
4;4;9.0;8.2;11.2;15.8;57;84;98;9;37;155;10315;1005.6
4;5;5.9;5.4;11.5;17.2;30;84;98;8;25;163;12287;1006.0
4;6;0.1;2.2;10.5;17.7;32;67;98;6;24;230;21432;1012.1
4;7;0.0;3.3;11.6;18.6;35;67;98;5;19;201;21771;1010.1
4;8;0.0;6.2;13.8;21.3;14;50;85;7;22;159;22945;1010.2
4;9;0.0;6.8;15.8;23.4;23;51;82;6;19;264;22139;1012.0
4;10;0.4;9.1;14.0;20.7;36;60;81;12;46;63;18441;1007.4
4;11;0.0;2.2;9.9;16.5;14;51;86;8;39;147;22454;1003.1
4;12;0.0;1.8;9.1;14.2;31;57;88;9;34;21;12979;1000.3
4;13;1.6;4.6;9.6;13.9;55;69;88;7;22;134;8938;1000.2
4;14;0.3;7.9;9.6;12.8;72;85;95;6;22;99;8780;999.3
4;15;0.0;3.4;11.5;18.5;39;72;98;5;22;189;22833;1001.0
4;16;0.0;4.4;13.6;20.7;25;60;98;6;32;0;16553;1002.9
4;17;0.0;7.0;15.7;21.9;22;48;83;13;39;159;21587;1005.5
4;18;7.7;8.2;12.3;17.8;27;72;98;9;28;37;15869;1004.4
4;19;0.1;5.8;14.1;22.4;28;68;98;5;23;190;22437;1000.7
4;20;0.0;5.9;15.4;23.4;23;60;95;7;28;182;23789;1002.5
4;21;0.1;7.8;15.6;21.9;39;69;89;9;30;177;23167;1001.1
4;22;0.0;9.1;13.6;16.9;51;68;98;13;39;99;15867;1002.0
4;23;3.8;10.9;14.2;18.6;52;78;98;6;19;247;7891;1003.5
4;24;0.0;9.9;14.8;19.1;67;88;98;5;21;202;16631;1007.5
4;25;0.1;8.8;18.0;26.3;27;67;98;8;35;140;22603;1010.3
4;26;0.0;10.1;19.5;27.0;27;59;92;10;33;357;22819;1009.6
4;27;8.8;13.6;19.1;24.3;33;53;86;11;29;97;22360;1011.4
4;28;0.0;10.6;18.4;25.2;24;51;86;7;22;239;25712;1012.5
4;29;0.0;11.0;17.6;24.4;37;60;86;7;29;183;23655;1009.3
4;30;0.0;9.9;17.6;23.7;25;57;89;6;26;163;24261;1004.7
5;1;0.0;10.6;17.4;23.2;48;67;90;8;28;178;19880;1001.8
5;2;12.0;13.3;15.7;19.2;59;79;98;8;26;179;5373;1000.1
5;3;20.0;13.2;15.7;19.0;82;95;98;12;38;178;7281;997.4
5;4;38.5;14.2;15.3;17.8;80;95;98;8;20;67;3772;999.0
5;5;8.5;13.6;16.4;19.3;65;86;98;13;42;96;3896;993.7
5;6;14.4;8.5;13.2;17.7;64;90;98;11;35;174;13261;991.9
5;7;10.2;7.4;12.9;18.3;56;88;98;7;27;170;15161;996.6
5;8;19.4;10.8;12.4;15.7;82;96;98;6;18;124;8164;998.1
5;9;6.0;10.7;15.0;19.4;70;87;98;7;28;200;15301;999.3
5;10;7.5;12.9;14.1;16.5;87;96;98;6;20;159;5111;998.0
5;11;18.3;12.1;15.1;18.2;81;95;98;6;21;182;5659;997.0
5;12;22.8;12.6;16.2;22.2;62;91;98;6;41;163;14937;995.7
5;13;5.5;12.4;14.8;18.6;76;94;98;6;26;206;9789;994.5
5;14;0.0;11.5;15.5;21.1;53;80;98;12;33;14;20589;994.8
5;15;1.8;11.8;13.7;16.8;72;88;98;6;19;4;6380;987.4
5;16;0.0;11.5;14.4;20.5;58;86;98;6;30;154;14819;995.3
5;17;0.1;10.5;15.7;21.8;51;81;98;5;34;154;20682;1002.7
5;18;0.1;8.6;16.1;23.6;33;66;98;8;39;149;26156;1005.2
5;19;0.0;6.3;15.8;22.1;19;47;89;6;24;95;28500;1006.6
5;20;0.0;11.0;17.2;22.6;37;55;89;6;21;269;24146;1008.5
5;21;0.0;9.8;16.4;21.0;41;71;98;4;17;177;12749;1008.5
5;22;0.0;11.1;19.0;27.3;28;63;94;6;40;161;23520;1007.0
5;23;0.0;10.2;19.7;27.2;32;62;98;5;21;118;24964;1005.9
5;24;0.0;12.3;20.4;26.5;45;66;95;8;29;169;26855;1004.2
5;25;0.0;13.0;20.1;25.2;52;69;93;8;28;181;24780;1002.7
5;26;0.0;15.5;20.1;25.5;34;64;83;11;32;183;22546;1000.5
5;27;0.0;14.7;20.0;25.9;33;64;93;9;30;150;24675;999.0
5;28;0.0;13.6;19.9;25.9;44;70;96;5;22;193;18415;1002.6
5;29;0.0;16.5;19.9;26.3;49;71;86;7;29;336;17995;1005.1
5;30;40.9;13.2;17.9;21.7;69;85;98;8;36;56;10388;999.5
5;31;4.2;9.5;17.8;23.8;12;55;98;14;48;21;26317;993.7
6;1;0.0;9.5;16.7;23.7;52;72;96;6;19;163;24159;995.9
6;2;3.1;12.4;17.5;22.2;48;76;98;6;23;201;12192;994.7
6;3;0.5;13.8;18.1;23.8;51;79;98;5;22;196;17954;999.5
6;4;0.1;15.6;19.2;24.9;60;84;98;5;20;191;21094;1004.4
6;5;0.0;16.5;22.3;28.2;44;71;98;5;26;216;28886;1008.2
6;6;0.0;14.5;22.6;28.7;46;69;98;5;20;194;27612;1005.1
6;7;0.0;15.5;22.0;27.7;34;70;98;6;22;171;27770;1001.6
6;8;0.0;16.4;22.6;28.2;52;77;98;6;22;186;22282;1000.8
6;9;0.0;17.1;23.0;28.6;46;70;95;8;28;152;28219;1001.5
6;10;0.0;16.6;23.5;29.0;30;63;89;5;21;181;22633;1002.9
6;11;0.0;16.7;23.9;30.7;41;66;96;6;22;214;27065;1001.6
6;12;0.0;16.5;24.2;30.6;30;62;98;7;27;172;28017;999.9
6;13;9.7;16.9;23.8;29.9;49;72;98;9;34;248;26131;999.0
6;14;0.0;17.4;22.1;26.4;57;80;98;8;26;144;25537;1001.3
6;15;5.6;16.9;21.4;27.1;53;81;98;11;31;334;13691;1003.6
6;16;27.0;16.9;20.7;25.3;68;90;98;6;28;64;15069;1001.3
6;17;0.0;16.4;21.8;27.4;55;79;98;7;35;267;20712;1002.5
6;18;0.0;15.1;20.1;26.7;49;79;98;9;31;178;22833;997.0
6;19;12.9;15.5;18.3;23.8;57;81;98;8;29;40;16544;991.2
6;20;7.3;15.1;16.1;18.7;66;86;98;10;35;99;7442;991.0
6;21;0.1;12.3;17.6;22.9;35;75;98;6;24;66;13282;996.2
6;22;0.0;10.5;19.0;26.1;28;60;98;6;24;43;25159;1002.5
6;23;0.0;11.7;19.8;26.4;32;64;97;5;21;167;27278;1004.9
6;24;0.0;15.9;20.8;25.9;45;68;95;5;22;279;23634;1004.7
6;25;0.0;15.1;21.7;27.6;50;75;98;6;22;227;26955;1002.8
6;26;2.3;16.9;22.0;27.8;52;79;98;5;24;179;20029;1002.6
6;27;0.0;15.8;23.8;29.5;49;75;98;6;24;234;27702;1004.9
6;28;0.0;18.0;24.6;29.8;43;70;96;6;21;192;27021;1005.6
6;29;0.0;18.2;25.0;31.1;42;66;95;5;20;241;27264;1005.1
6;30;0.1;18.0;25.6;33.0;29;62;96;7;46;1;25622;1004.9
7;1;0.0;17.8;26.0;33.0;36;60;94;6;22;271;27827;1004.8
7;2;0.6;18.3;26.2;32.5;42;69;96;6;16;45;24544;1005.1
7;3;0.0;19.6;27.3;34.2;34;67;98;6;21;237;27772;1004.4
7;4;0.7;19.7;25.8;34.9;34;71;98;9;51;76;23373;1004.5
7;5;13.0;19.4;26.9;33.5;37;59;98;9;52;357;24204;1003.5
7;6;37.6;16.9;21.9;29.8;48;86;98;8;86;342;15199;1005.2
7;7;0.0;16.0;22.7;27.9;39;64;98;9;28;85;26319;1008.4
7;8;0.0;18.1;22.8;27.7;36;68;98;5;23;341;27067;1010.7
7;9;0.0;16.3;24.8;30.8;43;71;98;5;18;226;28603;1009.6
7;10;0.0;19.3;26.7;32.6;43;71;98;5;18;245;27471;1008.2
7;11;0.0;20.4;26.6;32.4;42;69;98;6;22;212;25584;1006.7
7;12;0.0;20.5;26.7;32.7;50;70;94;6;23;155;25949;1003.7
7;13;0.1;20.2;26.1;31.5;47;76;98;7;24;195;22183;1001.5
7;14;0.0;20.4;27.0;33.0;55;78;98;5;20;228;26586;1001.3
7;15;0.0;22.1;27.9;33.6;57;79;98;5;22;223;25880;1001.3
7;16;0.0;21.9;30.0;37.0;34;65;98;6;23;216;27428;1003.2
7;17;0.0;22.6;29.7;36.0;40;66;93;7;22;176;26421;1002.1
7;18;24.3;18.4;22.5;27.9;45;74;97;12;48;340;12506;1006.3
7;19;0.0;20.6;25.4;30.0;42;57;74;11;37;112;28423;1006.6
7;20;0.0;19.8;25.9;30.4;44;60;89;9;29;101;27784;1003.4
7;21;0.0;18.1;25.4;31.8;48;73;98;5;20;205;26876;1001.7
7;22;0.0;19.9;25.9;31.9;55;77;98;5;22;182;25621;1002.3
7;23;17.3;21.3;25.8;32.1;54;80;98;8;45;225;22901;1000.4
7;24;0.1;15.1;22.6;28.3;28;64;98;10;46;-;18768;998.0
7;25;3.6;14.7;20.9;28.2;40;68;98;6;31;153;23301;998.7
7;26;0.0;13.1;20.4;26.9;31;67;98;5;22;285;23960;1000.1
7;27;1.6;13.8;19.2;26.9;42;77;98;6;32;320;18840;1002.8
7;28;0.1;12.0;21.0;28.1;47;78;98;5;23;171;26082;1004.3
7;29;38.6;14.8;18.8;21.7;74;91;98;8;24;112;4906;999.1
7;30;6.1;13.9;18.4;24.1;46;74;98;9;27;63;20547;1000.3
7;31;0.0;15.2;21.6;27.8;40;69;98;5;21;260;25860;1004.5
8;1;0.0;14.3;22.4;29.1;46;74;98;5;17;233;27098;1006.2
8;2;0.0;15.9;23.6;29.9;49;76;98;5;18;208;25935;1003.2
8;3;0.5;18.0;23.6;29.8;43;72;98;9;42;92;22298;998.5
8;4;0.0;18.1;23.5;28.5;38;59;81;8;27;45;26424;998.3
8;5;16.6;14.9;19.2;24.3;54;80;98;10;36;16;7165;994.3
8;6;9.8;12.5;18.3;24.6;57;87;98;6;33;85;12966;998.0
8;7;0.0;15.5;20.6;27.2;50;78;98;5;20;263;23816;1004.2
8;8;0.0;15.8;22.4;28.2;52;79;98;5;18;177;24205;1005.7
8;9;0.0;18.2;23.8;29.6;46;72;98;6;19;174;25486;1004.6
8;10;0.0;17.3;24.2;30.8;42;70;98;7;25;89;23710;1004.2
8;11;0.0;18.7;24.8;31.7;25;64;92;6;17;182;24724;1003.4
8;12;0.0;17.0;23.9;29.7;41;69;98;6;21;140;17911;1001.8
8;13;23.2;16.4;19.8;23.0;78;93;98;8;28;1;6578;1003.1
8;14;2.6;15.8;21.5;26.8;59;85;98;7;26;63;14151;1003.4
8;15;9.6;16.7;22.6;27.6;52;79;98;11;41;127;22911;1002.5
8;16;4.0;14.1;19.1;25.4;52;84;98;7;39;31;15531;1002.6
8;17;0.1;13.3;20.1;25.8;57;82;98;7;23;175;19021;1002.4
8;18;30.0;18.5;21.2;26.8;59;88;98;8;28;342;14855;1001.2
8;19;0.0;18.3;22.2;27.7;58;86;98;6;22;190;15544;1005.0
8;20;0.0;17.6;24.0;30.5;50;79;98;5;21;234;21309;1009.4
8;21;0.0;18.2;25.5;32.2;46;75;98;7;21;130;21945;1010.6
8;22;0.0;18.9;25.7;32.2;50;76;98;5;21;112;21898;1006.8
8;23;0.0;18.1;24.5;31.5;50;79;98;5;19;179;22458;1000.9
8;24;3.7;18.1;23.5;29.8;59;84;98;8;38;148;14650;1000.0
8;25;0.3;18.7;23.7;28.9;57;76;97;10;28;106;18155;1003.8
8;26;0.0;18.1;24.5;32.0;55;79;98;5;19;234;21716;1004.2
8;27;0.0;21.2;24.4;29.8;62;87;98;8;26;184;10968;997.2
8;28;10.1;16.2;21.3;29.0;48;78;98;12;56;7;14248;996.0
8;29;0.0;12.6;18.7;25.1;28;59;80;6;19;211;23277;1003.0
8;30;11.6;8.4;14.5;17.4;53;74;98;9;42;107;6936;997.1
8;31;0.0;6.8;15.5;24.2;41;73;98;6;21;204;22826;1000.0
9;1;0.0;10.1;17.6;24.7;18;51;91;6;28;7;22603;1002.9
9;2;0.0;9.1;17.8;25.1;34;65;92;5;18;205;20191;1005.4
9;3;11.3;15.6;18.6;23.2;61;77;98;6;28;102;10042;1006.2
9;4;0.0;14.4;19.8;26.2;46;72;96;6;33;33;17099;1004.4
9;5;0.1;13.0;19.2;24.5;42;60;90;13;35;72;18423;1006.0
9;6;0.4;14.1;16.9;21.3;47;60;82;17;35;85;14076;1004.8
9;7;33.6;12.8;15.9;18.6;58;90;98;7;30;347;3030;1001.0
9;8;25.6;16.3;18.7;23.0;78;95;98;8;26;43;7618;996.7
9;9;1.5;14.8;18.9;24.8;47;77;98;9;34;354;16360;1002.1
9;10;0.0;11.6;18.4;25.4;35;70;97;4;12;264;12180;1005.9
9;11;0.0;9.7;18.9;27.3;30;67;98;5;20;73;20623;1006.4
9;12;0.0;11.5;19.0;26.4;31;69;98;5;14;145;20309;1006.9
9;13;0.0;11.5;18.3;26.3;45;80;98;5;17;156;12963;1007.1
9;14;0.0;11.1;19.4;26.8;31;68;96;5;16;153;19044;1009.5
9;15;0.0;11.3;19.1;25.8;50;77;98;5;23;162;18153;1004.8
9;16;19.7;17.1;18.7;23.8;75;91;98;8;26;155;5928;1000.8
9;17;13.6;17.2;19.3;21.2;89;97;98;7;29;221;3514;999.1
9;18;40.7;13.3;14.4;17.6;81;91;98;17;48;37;1968;1001.4
9;19;0.0;12.7;17.2;22.5;45;68;90;10;29;72;15804;1002.6
9;20;0.0;9.2;15.8;22.6;38;73;98;5;24;79;18397;1008.3
9;21;0.0;7.7;17.5;26.6;33;70;98;5;20;82;18674;1007.8
9;22;0.0;10.0;19.4;26.3;26;60;98;12;38;97;18927;1008.7
9;23;0.0;12.2;18.1;25.4;36;68;98;6;29;78;17743;1006.3
9;24;38.6;13.4;18.0;24.1;50;81;98;8;22;0;10746;996.9
9;25;38.7;13.2;16.6;22.3;64;91;98;8;32;108;9391;986.0
9;26;7.3;11.2;15.5;20.2;59;89;98;5;22;131;7007;990.6
9;27;24.0;10.8;14.2;18.3;71;93;98;7;28;204;6100;996.8
9;28;0.0;10.1;14.3;20.0;63;88;98;6;18;189;10039;1001.3
9;29;0.0;11.1;15.8;22.5;37;75;98;5;18;143;16595;1003.5
9;30;9.7;10.9;15.1;20.1;64;88;98;5;15;32;7434;1004.4
10;1;3.0;12.2;14.4;16.9;75;93;98;5;16;106;3789;1004.2
10;2;0.0;9.0;14.5;20.7;54;85;98;3;15;281;11405;1007.4
10;3;0.1;8.5;15.3;21.3;63;88;98;4;11;91;8253;1006.7
10;4;34.5;12.9;17.5;21.9;65;90;98;6;35;346;8323;1002.0
10;5;6.3;15.4;18.5;22.2;76;95;98;10;40;145;5765;998.3
10;6;0.0;14.5;18.1;24.2;60;83;98;7;25;107;10966;1003.7
10;7;0.0;13.7;17.0;22.0;48;66;83;15;33;97;14928;1009.5
10;8;0.0;10.1;15.2;19.8;37;54;72;16;42;96;15559;1011.8
10;9;0.0;5.2;12.2;19.6;31;68;98;8;28;87;14765;1008.8
10;10;0.1;3.5;12.3;20.1;21;61;98;9;28;60;14982;1001.5
10;11;0.0;7.9;13.2;20.0;32;58;83;10;31;99;14619;1001.1
10;12;0.0;6.2;13.0;19.1;39;63;93;10;30;122;15093;1001.2
10;13;0.0;9.6;14.3;18.8;44;59;72;15;40;115;12560;999.4
10;14;0.0;10.8;14.8;19.8;46;60;72;11;29;63;11850;997.4
10;15;0.0;9.3;13.3;18.8;34;56;69;13;35;100;13698;996.9
10;16;1.3;7.0;12.4;17.4;37;54;74;14;40;91;11768;996.0
10;17;22.2;7.9;9.6;11.1;67;82;93;12;39;49;1487;998.1
10;18;0.0;6.6;12.2;17.9;46;68;95;7;19;124;8753;1000.0
10;19;0.0;7.1;12.5;19.4;39;68;97;6;26;143;9684;994.7
10;20;0.0;3.1;11.0;16.3;50;75;98;7;32;176;9310;996.1
10;21;0.0;2.0;9.5;18.4;10;62;98;5;20;128;13326;1009.9
10;22;0.0;1.2;9.5;17.3;29;69;96;5;14;241;12082;1012.4
10;23;0.0;4.0;10.6;15.7;60;82;98;3;10;54;6017;1007.2
10;24;14.9;7.9;11.7;14.6;68;92;98;4;27;313;4056;1000.0
10;25;78.4;7.4;10.4;13.4;86;95;98;12;42;16;525;995.6
10;26;2.4;1.3;7.3;11.8;67;88;98;4;18;76;2974;1007.8
10;27;0.0;1.1;7.3;14.7;30;64;98;6;25;109;11121;1012.1
10;28;0.0;-0.1;7.1;15.3;29;71;98;5;18;36;10610;1011.2
10;29;0.0;1.4;9.8;21.3;31;77;98;4;15;222;11402;1008.3
10;30;0.6;4.6;10.9;16.3;64;88;98;4;13;184;7335;1006.6
10;31;14.7;11.2;13.3;14.6;94;98;98;8;24;126;1021;1001.9
11;1;7.0;13.6;15.1;16.9;91;97;98;9;20;161;2080;1000.9
11;2;19.7;9.9;14.2;16.9;86;96;98;9;23;-;2369;1001.3
11;3;0.0;8.2;13.6;16.1;84;93;98;5;26;18;2000;1007.5
11;4;0.0;8.6;13.0;19.2;65;91;98;4;14;230;8989;1016.6
11;5;0.0;10.4;12.7;16.7;85;97;98;4;14;284;4207;1016.4
11;6;0.1;11.3;12.0;13.2;94;98;98;3;10;188;1547;1007.0
11;7;16.5;10.9;12.4;14.3;98;98;98;5;22;236;1807;992.8
11;8;11.3;5.2;10.6;14.4;92;98;98;8;32;300;1189;975.8
11;9;24.2;5.6;7.7;9.3;96;98;98;8;22;353;1275;974.2
11;10;10.8;6.5;9.5;12.4;90;98;98;6;18;140;3283;984.6
11;11;0.3;6.0;9.7;15.2;69;92;98;4;13;86;6115;999.0
11;12;0.0;5.1;8.5;11.5;80;96;98;5;19;173;2729;998.4
11;13;0.0;6.8;10.7;15.2;72;93;98;4;22;167;6342;1001.3
11;14;0.0;6.4;11.1;14.1;79;93;98;2;11;169;3065;1003.8
11;15;0.0;9.5;13.0;15.0;87;97;98;5;16;170;1815;1003.3
11;16;34.9;11.0;13.4;15.8;83;96;98;6;21;77;814;997.7
11;17;3.0;10.7;12.0;14.6;87;97;98;4;16;14;2623;995.7
11;18;30.5;9.3;10.6;13.9;84;97;98;5;31;351;2855;998.1
11;19;10.2;7.9;10.0;13.1;77;94;98;8;25;0;3648;1003.4
11;20;0.1;6.8;9.8;13.3;75;92;98;4;11;0;3873;1005.2
11;21;42.7;8.5;10.1;12.6;76;91;98;11;34;46;1523;994.7
11;22;3.1;5.6;9.6;13.3;85;96;98;5;25;82;4710;985.5
11;23;0.0;4.9;8.4;14.1;74;92;98;4;15;136;5693;986.0
11;24;0.0;3.0;6.5;12.4;47;81;98;4;14;328;7403;992.4
11;25;0.0;-0.3;5.5;11.6;38;77;98;6;30;45;5427;993.4
11;26;21.5;0.1;2.5;5.0;70;91;98;8;40;73;579;985.9
11;27;0.0;0.8;4.1;8.3;44;76;94;5;20;-;6961;994.8
11;28;14.8;3.5;5.1;8.3;52;82;97;15;55;79;1101;988.9
11;29;1.2;-0.2;4.2;7.5;81;95;98;7;28;196;3367;989.1
11;30;0.1;0.8;4.9;7.4;34;65;98;18;46;61;3356;995.7
12;1;15.4;2.2;3.7;5.7;56;86;98;19;57;63;850;985.1
12;2;2.6;3.2;5.3;7.1;91;98;98;5;19;30;1268;992.5
12;3;16.2;1.3;3.5;5.5;82;96;98;7;22;21;1003;994.0
12;4;5.8;-1.6;3.0;5.1;55;75;96;17;55;74;2892;1003.4
12;5;0.3;-3.8;1.0;5.1;57;84;98;4;17;20;4966;1006.5
12;6;30.6;2.1;5.1;7.6;92;98;98;6;18;0;631;995.9
12;7;24.4;7.6;8.4;8.8;98;98;98;5;21;156;599;995.2
12;8;13.7;8.6;9.4;10.2;98;98;98;3;10;117;454;996.2
12;9;2.6;-1.3;7.1;11.9;9;70;98;12;69;348;2518;997.4
12;10;0.0;-2.4;3.1;9.5;14;59;90;8;24;60;6517;1008.3
12;11;0.0;-2.5;1.8;9.5;42;78;98;4;14;36;5679;1005.2
12;12;0.1;-3.6;2.4;10.9;46;80;98;6;15;138;5155;994.2
12;13;0.0;-5.2;0.9;7.1;8;55;81;7;41;14;4333;998.3
12;14;0.2;-6.0;-1.5;5.6;9;49;85;5;14;300;6594;1004.7
12;15;0.0;-4.4;-1.4;2.6;37;63;84;3;10;12;3282;1004.5
12;16;0.0;-7.4;-3.1;1.5;38;62;84;5;17;121;6103;999.9
12;17;2.6;-6.9;-2.9;0.0;48;81;98;6;23;348;2056;987.3
12;18;3.9;-9.2;-2.1;3.5;63;93;99;5;22;81;3954;988.4
12;19;0.1;-10.8;-1.5;4.3;64;83;99;5;14;1;3620;998.3
12;20;0.0;0.4;2.8;6.6;58;81;96;3;15;1;3617;998.1
12;21;4.3;1.5;3.7;5.5;88;94;98;4;14;5;1293;1001.0
12;22;42.1;4.8;7.6;9.7;98;98;98;6;14;3;567;997.7
12;23;33.9;8.3;11.2;13.0;97;98;98;8;20;50;559;990.2
12;24;55.0;8.9;10.7;13.5;96;98;98;12;43;157;967;981.0
12;25;7.8;5.8;8.5;10.2;67;87;98;9;30;79;1219;988.9
12;26;0.0;-1.3;3.8;5.9;42;55;69;12;40;99;2861;1002.9
12;27;0.0;-3.1;0.0;4.9;36;66;96;5;16;104;6506;1009.9
12;28;0.0;-4.9;-0.3;4.2;41;74;94;3;10;54;4921;1009.5
12;29;0.0;-3.0;1.0;7.3;33;67;94;5;18;101;6163;1010.4
12;30;0.0;-4.1;0.2;8.2;45;80;97;4;11;27;5453;1011.0
12;31;0.0;-5.0;0.1;7.8;53;86;99;3;9;199;6602;1010.1
NOTA BENE: l'utilizzo dei dati e delle informazioni disponibili in questa pagina web e relative sottopagine e' soggetto alle condizioni e limitazioni descritte nelle note legali, che l'utente implicitamente accetta
* dati dalle 00 alle 24 UTC (ora di Greenwich): per ottenere quella locale bisogna aggiungere 1 o 2 ore rispettivamente nel caso in cui sia in vigore l'ora solare o quella legale
ARPA FVG - OSMER: pagina generata il 12-07-2023 alle 18:46